USE doc_share;
LOCK TABLES `albums` WRITE;
/*!40000 ALTER TABLE `albums` DISABLE KEYS */;
INSERT INTO `albums` VALUES ('ALBUM0000000001001','Album Toán - A','Tập hợp bài tập toán cơ bản','USER0000000001','2025-09-03 14:27:27'),('ALBUM0000000001002','Album Văn - A','Sưu tập tác phẩm văn','USER0000000001','2025-09-03 14:27:27'),('ALBUM0000000002001','Album Tiếng Anh - B','Ngữ pháp và bài tập','USER0000000002','2025-09-03 14:27:27'),('ALBUM0000000002002','Album CNTT - B','Thuật toán và code mẫu','USER0000000002','2025-09-03 14:27:27'),('ALBUM0000000003001','Album Kinh tế - C','Bài giảng kinh tế','USER0000000003','2025-09-03 14:27:27'),('ALBUM0000000003002','Album Lịch sử - C','Tổng hợp sự kiện lịch sử','USER0000000003','2025-09-03 14:27:27'),('ALBUM0000000004001','Album Toán nâng cao - D','Chuyên đề giải tích','USER0000000004','2025-09-03 14:27:27'),('ALBUM0000000004002','Album Văn học - D','Phân tích văn học','USER0000000004','2025-09-03 14:27:27'),('ALBUM0000000005001','Album Tiếng Anh nâng cao - E','Đề thi và đáp án','USER0000000005','2025-09-03 14:27:27'),('ALBUM0000000005002','Album Công nghệ - E','Tài liệu hệ thống và mạng','USER0000000005','2025-09-03 14:27:27'),('ALBUM0000000006001','2222','1111','USER0000000006','2025-09-03 14:45:23');
/*!40000 ALTER TABLE `albums` ENABLE KEYS */;
UNLOCK TABLES;

--
-- Dumping data for table `categories`
--

LOCK TABLES `categories` WRITE;
/*!40000 ALTER TABLE `categories` DISABLE KEYS */;
INSERT INTO `categories` VALUES ('CATEGORY00004','Công nghệ thông tin'),('CATEGORY00005','Kinh tế'),('CATEGORY00006','Lịch sử'),('CATEGORY00002','Ngữ văn'),('CATEGORY00003','Tiếng Anh'),('CATEGORY00001','Toán học');
/*!40000 ALTER TABLE `categories` ENABLE KEYS */;
UNLOCK TABLES;

--
-- Dumping data for table `hashtags`
--

LOCK TABLES `hashtags` WRITE;
/*!40000 ALTER TABLE `hashtags` DISABLE KEYS */;
INSERT INTO `hashtags` VALUES ('HASHTAG00000000004','#CNTT'),('HASHTAG00000000005','#KinhTế'),('HASHTAG00000000006','#LịchSử'),('HASHTAG00000000003','#TiếngAnh'),('HASHTAG00000000001','#Toán'),('HASHTAG00000000002','#Văn');
/*!40000 ALTER TABLE `hashtags` ENABLE KEYS */;
UNLOCK TABLES;

--
-- Dumping data for table `post_comments`
--

LOCK TABLES `post_comments` WRITE;
/*!40000 ALTER TABLE `post_comments` DISABLE KEYS */;
INSERT INTO `post_comments` VALUES ('COMMENT000001000000000100001','POST000000000100100001000001','USER0000000001','Bài này rất hữu ích, cảm ơn tác giả','2025-09-03 14:27:27'),('COMMENT000001000000000200002','POST000000000100100001000001','USER0000000002','Mình làm theo và được kết quả giống','2025-09-03 14:27:27'),('COMMENT000002000000000300001','POST000000000100100002000002','USER0000000003','Phân tích rõ ràng, bổ ích','2025-09-03 14:27:27'),('COMMENT000002000000000400002','POST000000000100100002000002','USER0000000004','Bạn có ví dụ thêm không?','2025-09-03 14:27:27'),('COMMENT000003000000000100002','POST000000000200100003000003','USER0000000001','Cám ơn đã chia sẻ tài liệu','2025-09-03 14:27:27'),('COMMENT000003000000000500001','POST000000000200100003000003','USER0000000005','Ngữ pháp giải thích dễ hiểu','2025-09-03 14:27:27'),('COMMENT000004000000000200003','POST000000000200100004000004','USER0000000002','Thuật toán minh họa rõ ràng','2025-09-03 14:27:27'),('COMMENT000004000000000300004','POST000000000200100004000004','USER0000000003','Muốn có code ví dụ hơn nữa','2025-09-03 14:27:27'),('COMMENT000005000000000400005','POST000000000300100005000005','USER0000000004','Tài liệu kinh tế này rất cần thiết','2025-09-03 14:27:27'),('COMMENT000005000000000500001','POST000000000300100005000005','USER0000000005','Đang áp dụng vào thực tế, hữu ích','2025-09-03 14:27:27');
/*!40000 ALTER TABLE `post_comments` ENABLE KEYS */;
UNLOCK TABLES;

--
-- Dumping data for table `post_hashtags`
--

LOCK TABLES `post_hashtags` WRITE;
/*!40000 ALTER TABLE `post_hashtags` DISABLE KEYS */;
INSERT INTO `post_hashtags` VALUES ('POST000000000100100001000001','HASHTAG00000000001'),('POST000000000300100001000006','HASHTAG00000000001'),('POST000000000100100002000002','HASHTAG00000000002'),('POST000000000400100002000007','HASHTAG00000000002'),('POST000000000200100003000003','HASHTAG00000000003'),('POST000000000400100003000008','HASHTAG00000000003'),('POST000000000200100004000004','HASHTAG00000000004'),('POST000000000500100004000009','HASHTAG00000000004'),('POST000000000300100005000005','HASHTAG00000000005'),('POST000000000500100005000010','HASHTAG00000000005');
/*!40000 ALTER TABLE `post_hashtags` ENABLE KEYS */;
UNLOCK TABLES;

--
-- Dumping data for table `post_reactions`
--

LOCK TABLES `post_reactions` WRITE;
/*!40000 ALTER TABLE `post_reactions` DISABLE KEYS */;
INSERT INTO `post_reactions` VALUES ('POST000000000100100001000001','USER0000000001','like','2025-09-03 14:27:27'),('POST000000000100100001000001','USER0000000002','love','2025-09-03 14:27:27'),('POST000000000100100002000002','USER0000000003','haha','2025-09-03 14:27:27'),('POST000000000100100002000002','USER0000000004','sad','2025-09-03 14:27:27'),('POST000000000200100003000003','USER0000000000','love','2025-09-03 14:27:27'),('POST000000000200100003000003','USER0000000005','like','2025-09-03 14:27:27');
/*!40000 ALTER TABLE `post_reactions` ENABLE KEYS */;
UNLOCK TABLES;

--
-- Dumping data for table `post_reports`
--

LOCK TABLES `post_reports` WRITE;
/*!40000 ALTER TABLE `post_reports` DISABLE KEYS */;
INSERT INTO `post_reports` VALUES ('REPORT0000010000000000','POST000000000100100001000001','USER0000000000','Nội dung trùng lặp / khả nghi vi phạm','2025-09-03 14:27:27');
/*!40000 ALTER TABLE `post_reports` ENABLE KEYS */;
UNLOCK TABLES;

--
-- Dumping data for table `posts`
--

LOCK TABLES `posts` WRITE;
/*!40000 ALTER TABLE `posts` DISABLE KEYS */;
INSERT INTO `posts` VALUES ('POST000000000100100001000001','Bài tập Toán cơ bản','1','1','Tổng hợp bài tập Toán cơ bản và lời giải','ALBUM0000000001001','CATEGORY00001',NULL,'2025-09-03 14:27:27',NULL,NULL),('POST000000000100100002000002','Phân tích đoạn trích',NULL,NULL,'Bài phân tích đoạn trích văn học mẫu','ALBUM0000000001001','CATEGORY00002',NULL,'2025-09-03 14:27:27',NULL,NULL),('POST000000000200100003000003','Ngữ pháp tiếng Anh căn bản',NULL,NULL,'Tổng hợp thì và cấu trúc thường gặp','ALBUM0000000002001','CATEGORY00003',NULL,'2025-09-03 14:27:27',NULL,NULL),('POST000000000200100004000004','Thuật toán sắp xếp',NULL,NULL,'Giải thích các thuật toán sắp xếp phổ biến','ALBUM0000000002001','CATEGORY00004',NULL,'2025-09-03 14:27:27',NULL,NULL),('POST000000000300100001000006','Chiến tranh thế giới',NULL,NULL,'Tổng hợp các mốc chính của thế chiến','ALBUM0000000003001','CATEGORY00006',NULL,'2025-09-03 14:27:27',NULL,NULL),('POST000000000300100005000005','Quản trị tài chính',NULL,NULL,'Tổng quan quản trị tài chính doanh nghiệp','ALBUM0000000003001','CATEGORY00005',NULL,'2025-09-03 14:27:27',NULL,NULL),('POST000000000400100002000007','Toán tích phân',NULL,NULL,'Bài tập tích phân có lời giải','ALBUM0000000004001','CATEGORY00001',NULL,'2025-09-03 14:27:27',NULL,NULL),('POST000000000400100003000008','Phân tích thơ',NULL,NULL,'Phương pháp phân tích bài thơ','ALBUM0000000004001','CATEGORY00002',NULL,'2025-09-03 14:27:27',NULL,NULL),('POST000000000500100004000009','Đề thi tiếng Anh',NULL,NULL,'Đề thi thử tiếng Anh có đáp án','ALBUM0000000005001','CATEGORY00003',NULL,'2025-09-03 14:27:27',NULL,NULL),('POST000000000500100005000010','Cấu trúc dữ liệu cơ bản',NULL,NULL,'Danh sách liên kết, cây và đồ thị','ALBUM0000000005001','CATEGORY00004',NULL,'2025-09-03 14:27:27',NULL,NULL),('POST000000000600100001000001','22','44','555','<p>33</p>','ALBUM0000000006001','CATEGORY00001',NULL,'2025-09-03 14:50:01',NULL,NULL),('POST000000000600100001000002','11','33','44','<p>22</p>','ALBUM0000000006001','CATEGORY00001',NULL,'2025-09-03 14:52:37',NULL,NULL),('POST000000000600100001000003','1','AI','AIII','<p><br></p>','ALBUM0000000006001','CATEGORY00001',NULL,'2025-09-03 14:52:57','http://localhost:3000/uploads/posts/68b7f3d9d994d.pdf','application/pdf'),('POST000000000600100003000001','1111','1111','','<p>1111</p>','ALBUM0000000006001','CATEGORY00003',NULL,'2025-09-03 14:49:38',NULL,NULL);
/*!40000 ALTER TABLE `posts` ENABLE KEYS */;
UNLOCK TABLES;

--
-- Dumping data for table `roles`
--

LOCK TABLES `roles` WRITE;
/*!40000 ALTER TABLE `roles` DISABLE KEYS */;
INSERT INTO `roles` VALUES ('ROLE000','Admin'),('ROLE010','Doanh nghiệp'),('ROLE001','Mod'),('ROLE011','Người dùng');
/*!40000 ALTER TABLE `roles` ENABLE KEYS */;
UNLOCK TABLES;

--
-- Dumping data for table `user_follows`
--

LOCK TABLES `user_follows` WRITE;
/*!40000 ALTER TABLE `user_follows` DISABLE KEYS */;
INSERT INTO `user_follows` VALUES ('USER0000000001','USER0000000002','2025-09-03 14:27:27'),('USER0000000002','USER0000000001','2025-09-03 14:27:27'),('USER0000000002','USER0000000003','2025-09-03 14:27:27'),('USER0000000003','USER0000000001','2025-09-03 14:27:27'),('USER0000000003','USER0000000004','2025-09-03 14:27:27'),('USER0000000004','USER0000000005','2025-09-03 14:27:27'),('USER0000000005','USER0000000001','2025-09-03 14:27:27');
/*!40000 ALTER TABLE `user_follows` ENABLE KEYS */;
UNLOCK TABLES;

--
-- Dumping data for table `user_infos`
--

LOCK TABLES `user_infos` WRITE;
/*!40000 ALTER TABLE `user_infos` DISABLE KEYS */;
INSERT INTO `user_infos` VALUES ('USER0000000000','Quản trị viên','/uploads/avatars/admin.jpg','Quản trị hệ thống','1990-01-01'),('USER0000000001','Nguyễn Văn A','/uploads/avatars/u1.jpg','Sinh viên CNTT, thích chia sẻ tài liệu','1998-05-12'),('USER0000000002','Trần Thị B','/uploads/avatars/u2.jpg','Đam mê ngôn ngữ và văn học','1997-03-21'),('USER0000000003','Phạm Văn D','/uploads/avatars/u3.jpg','Nghiên cứu viên kinh tế','1996-07-09'),('USER0000000004','Lê Thị Ngọc','/uploads/avatars/u4.jpg','Giảng viên môn toán','1995-11-15'),('USER0000000005','Đặng Minh','/uploads/avatars/u5.jpg','Chuyên viên CNTT tại doanh nghiệp','1994-09-30');
/*!40000 ALTER TABLE `user_infos` ENABLE KEYS */;
UNLOCK TABLES;

--
-- Dumping data for table `users`
--

LOCK TABLES `users` WRITE;
/*!40000 ALTER TABLE `users` DISABLE KEYS */;
INSERT INTO `users` VALUES ('USER0000000000','admin','admin@example.com','adminpass','ROLE000','2025-09-03 14:27:27'),('USER0000000001','nguyenvana','vana@example.com','pass1','ROLE011','2025-09-03 14:27:27'),('USER0000000002','tranthib','thib@example.com','pass2','ROLE011','2025-09-03 14:27:27'),('USER0000000003','phamvand','vand@example.com','pass3','ROLE011','2025-09-03 14:27:27'),('USER0000000004','lethingoc','ngocle@example.com','pass4','ROLE011','2025-09-03 14:27:27'),('USER0000000005','dangminh','minhdang@example.com','pass5','ROLE010','2025-09-03 14:27:27'),('USER0000000006','1','1@gmail.com','$2y$10$fTqtimph01KeUqqvxdpNWOHzNtawglbd1duVjVb4sB3rbzp/lXyKS','ROLE011','2025-09-03 14:43:40');
/*!40000 ALTER TABLE `users` ENABLE KEYS */;
UNLOCK TABLES;
/*!40103 SET TIME_ZONE=@OLD_TIME_ZONE */;

/*!40101 SET SQL_MODE=@OLD_SQL_MODE */;
/*!40014 SET FOREIGN_KEY_CHECKS=@OLD_FOREIGN_KEY_CHECKS */;
/*!40014 SET UNIQUE_CHECKS=@OLD_UNIQUE_CHECKS */;
/*!40101 SET CHARACTER_SET_CLIENT=@OLD_CHARACTER_SET_CLIENT */;
/*!40101 SET CHARACTER_SET_RESULTS=@OLD_CHARACTER_SET_RESULTS */;
/*!40101 SET COLLATION_CONNECTION=@OLD_COLLATION_CONNECTION */;
/*!40111 SET SQL_NOTES=@OLD_SQL_NOTES */;

-- Dump completed on 2025-09-03 16:06:35
